{"type": "scene", "properties": {"baseExtent": {"cx": 9569800.420251211, "cy": 6791045.749394691, "width": 37359.37797873073, "height": 37359.37797873073, "rotation": -15.0}, "origin": {"x": 9569800.420251211, "y": 6791045.749394691, "z": 0.0}, "zScale": 1.0, "light": "directional"}, "layers": [{"type": "layer", "id": 1, "properties": {"name": "building_\u0413\u043e\u0440\u043d\u043e-\u0410\u043b\u0442\u0430\u0439\u0441\u043a", "clickable": true, "visible": true, "type": "polygon", "objType": "Extruded", "propertyNames": ["fid", "full_id", "osm_id", "osm_type", "start_date", "height", "name", "building:levels", "addr:street", "addr:housenumber", "\u041c\u0438\u043a\u0440\u043e\u0440\u0430\u0439\u043e\u043d", "\u042d\u0442\u0430\u0436\u043d\u043e\u0441\u0442\u044c", "\u0412\u044b\u0441\u043e\u0442\u0430 \u0437\u0434\u0430\u043d\u0438\u044f", "\u0412\u044b\u0441\u043e\u0442\u0430 \u044d\u0442\u0430\u0436\u0430", "Stop_date"]}, "data": {"materials": [{"type": 0, "c": 10263708}, {"type": 3, "c": 2302755, "dashed": false}, {"type": 0, "c": 11513775}, {"type": 0, "c": 12698049}, {"type": 0, "c": 13948116}, {"type": 0, "c": 9013641}, {"type": 0, "c": 7763574}, {"type": 0, "c": 5263440}, {"type": 0, "c": 6513507}, {"type": 0, "c": 4079166}, {"type": 0, "c": 1579032}, {"type": 0, "c": 2829099}, {"type": 0, "c": 328965}, {"type": 0, "c": 14803425}], "blocks": [{"url": "./data/index/a0.json", "featureCount": 50}, {"url": "./data/index/a1.json", "featureCount": 50}, {"url": "./data/index/a2.json", "featureCount": 50}, {"url": "./data/index/a3.json", "featureCount": 50}, {"url": "./data/index/a4.json", "featureCount": 50}, {"url": "./data/index/a5.json", "featureCount": 50}, {"url": "./data/index/a6.json", "featureCount": 50}, {"url": "./data/index/a7.json", "featureCount": 50}, {"url": "./data/index/a8.json", "featureCount": 50}, {"url": "./data/index/a9.json", "featureCount": 50}, {"url": "./data/index/a10.json", "featureCount": 50}, {"url": "./data/index/a11.json", "featureCount": 50}, {"url": "./data/index/a12.json", "featureCount": 50}, {"url": "./data/index/a13.json", "featureCount": 50}, {"url": "./data/index/a14.json", "featureCount": 50}, {"url": "./data/index/a15.json", "featureCount": 50}, {"url": "./data/index/a16.json", "featureCount": 50}, {"url": "./data/index/a17.json", "featureCount": 50}, {"url": "./data/index/a18.json", "featureCount": 50}, {"url": "./data/index/a19.json", "featureCount": 50}, {"url": "./data/index/a20.json", "featureCount": 50}, {"url": "./data/index/a21.json", "featureCount": 50}, {"url": "./data/index/a22.json", "featureCount": 50}, {"url": "./data/index/a23.json", "featureCount": 50}, {"url": "./data/index/a24.json", "featureCount": 50}, {"url": "./data/index/a25.json", "featureCount": 50}, {"url": "./data/index/a26.json", "featureCount": 50}, {"url": "./data/index/a27.json", "featureCount": 50}, {"url": "./data/index/a28.json", "featureCount": 50}, {"url": "./data/index/a29.json", "featureCount": 50}, {"url": "./data/index/a30.json", "featureCount": 50}, {"url": "./data/index/a31.json", "featureCount": 50}, {"url": "./data/index/a32.json", "featureCount": 50}, {"url": "./data/index/a33.json", "featureCount": 50}, {"url": "./data/index/a34.json", "featureCount": 50}, {"url": "./data/index/a35.json", "featureCount": 50}, {"url": "./data/index/a36.json", "featureCount": 50}, {"url": "./data/index/a37.json", "featureCount": 50}, {"url": "./data/index/a38.json", "featureCount": 50}, {"url": "./data/index/a39.json", "featureCount": 50}, {"url": "./data/index/a40.json", "featureCount": 50}, {"url": "./data/index/a41.json", "featureCount": 50}, {"url": "./data/index/a42.json", "featureCount": 50}, {"url": "./data/index/a43.json", "featureCount": 50}, {"url": "./data/index/a44.json", "featureCount": 50}, {"url": "./data/index/a45.json", "featureCount": 50}, {"url": "./data/index/a46.json", "featureCount": 50}, {"url": "./data/index/a47.json", "featureCount": 50}, {"url": "./data/index/a48.json", "featureCount": 50}, {"url": "./data/index/a49.json", "featureCount": 50}, {"url": "./data/index/a50.json", "featureCount": 50}, {"url": "./data/index/a51.json", "featureCount": 50}, {"url": "./data/index/a52.json", "featureCount": 50}, {"url": "./data/index/a53.json", "featureCount": 50}, {"url": "./data/index/a54.json", "featureCount": 50}, {"url": "./data/index/a55.json", "featureCount": 50}, {"url": "./data/index/a56.json", "featureCount": 50}, {"url": "./data/index/a57.json", "featureCount": 50}, {"url": "./data/index/a58.json", "featureCount": 50}, {"url": "./data/index/a59.json", "featureCount": 50}, {"url": "./data/index/a60.json", "featureCount": 50}, {"url": "./data/index/a61.json", "featureCount": 50}, {"url": "./data/index/a62.json", "featureCount": 50}, {"url": "./data/index/a63.json", "featureCount": 50}, {"url": "./data/index/a64.json", "featureCount": 50}, {"url": "./data/index/a65.json", "featureCount": 50}, {"url": "./data/index/a66.json", "featureCount": 50}, {"url": "./data/index/a67.json", "featureCount": 50}, {"url": "./data/index/a68.json", "featureCount": 50}, {"url": "./data/index/a69.json", "featureCount": 50}, {"url": "./data/index/a70.json", "featureCount": 50}, {"url": "./data/index/a71.json", "featureCount": 50}, {"url": "./data/index/a72.json", "featureCount": 50}, {"url": "./data/index/a73.json", "featureCount": 50}, {"url": "./data/index/a74.json", "featureCount": 50}, {"url": "./data/index/a75.json", "featureCount": 50}, {"url": "./data/index/a76.json", "featureCount": 50}, {"url": "./data/index/a77.json", "featureCount": 50}, {"url": "./data/index/a78.json", "featureCount": 50}, {"url": "./data/index/a79.json", "featureCount": 50}, {"url": "./data/index/a80.json", "featureCount": 50}, {"url": "./data/index/a81.json", "featureCount": 50}, {"url": "./data/index/a82.json", "featureCount": 50}, {"url": "./data/index/a83.json", "featureCount": 50}, {"url": "./data/index/a84.json", "featureCount": 50}, {"url": "./data/index/a85.json", "featureCount": 50}, {"url": "./data/index/a86.json", "featureCount": 50}, {"url": "./data/index/a87.json", "featureCount": 50}, {"url": "./data/index/a88.json", "featureCount": 50}, {"url": "./data/index/a89.json", "featureCount": 50}, {"url": "./data/index/a90.json", "featureCount": 50}, {"url": "./data/index/a91.json", "featureCount": 50}, {"url": "./data/index/a92.json", "featureCount": 50}, {"url": "./data/index/a93.json", "featureCount": 50}, {"url": "./data/index/a94.json", "featureCount": 50}, {"url": "./data/index/a95.json", "featureCount": 50}, {"url": "./data/index/a96.json", "featureCount": 50}, {"url": "./data/index/a97.json", "featureCount": 50}, {"url": "./data/index/a98.json", "featureCount": 50}, {"url": "./data/index/a99.json", "featureCount": 50}, {"url": "./data/index/a100.json", "featureCount": 50}, {"url": "./data/index/a101.json", "featureCount": 50}, {"url": "./data/index/a102.json", "featureCount": 50}, {"url": "./data/index/a103.json", "featureCount": 50}, {"url": "./data/index/a104.json", "featureCount": 50}, {"url": "./data/index/a105.json", "featureCount": 50}, {"url": "./data/index/a106.json", "featureCount": 50}, {"url": "./data/index/a107.json", "featureCount": 50}, {"url": "./data/index/a108.json", "featureCount": 50}, {"url": "./data/index/a109.json", "featureCount": 50}, {"url": "./data/index/a110.json", "featureCount": 50}, {"url": "./data/index/a111.json", "featureCount": 50}, {"url": "./data/index/a112.json", "featureCount": 50}, {"url": "./data/index/a113.json", "featureCount": 50}, {"url": "./data/index/a114.json", "featureCount": 50}, {"url": "./data/index/a115.json", "featureCount": 50}, {"url": "./data/index/a116.json", "featureCount": 50}, {"url": "./data/index/a117.json", "featureCount": 50}, {"url": "./data/index/a118.json", "featureCount": 50}, {"url": "./data/index/a119.json", "featureCount": 50}, {"url": "./data/index/a120.json", "featureCount": 50}, {"url": "./data/index/a121.json", "featureCount": 50}, {"url": "./data/index/a122.json", "featureCount": 50}, {"url": "./data/index/a123.json", "featureCount": 50}, {"url": "./data/index/a124.json", "featureCount": 50}, {"url": "./data/index/a125.json", "featureCount": 50}, {"url": "./data/index/a126.json", "featureCount": 50}, {"url": "./data/index/a127.json", "featureCount": 50}, {"url": "./data/index/a128.json", "featureCount": 50}, {"url": "./data/index/a129.json", "featureCount": 50}, {"url": "./data/index/a130.json", "featureCount": 50}, {"url": "./data/index/a131.json", "featureCount": 50}, {"url": "./data/index/a132.json", "featureCount": 50}, {"url": "./data/index/a133.json", "featureCount": 50}, {"url": "./data/index/a134.json", "featureCount": 50}, {"url": "./data/index/a135.json", "featureCount": 50}, {"url": "./data/index/a136.json", "featureCount": 50}, {"url": "./data/index/a137.json", "featureCount": 50}, {"url": "./data/index/a138.json", "featureCount": 50}, {"url": "./data/index/a139.json", "featureCount": 50}, {"url": "./data/index/a140.json", "featureCount": 50}, {"url": "./data/index/a141.json", "featureCount": 50}, {"url": "./data/index/a142.json", "featureCount": 50}, {"url": "./data/index/a143.json", "featureCount": 50}, {"url": "./data/index/a144.json", "featureCount": 50}, {"url": "./data/index/a145.json", "featureCount": 50}, {"url": "./data/index/a146.json", "featureCount": 50}, {"url": "./data/index/a147.json", "featureCount": 50}, {"url": "./data/index/a148.json", "featureCount": 50}, {"url": "./data/index/a149.json", "featureCount": 50}, {"url": "./data/index/a150.json", "featureCount": 50}, {"url": "./data/index/a151.json", "featureCount": 50}, {"url": "./data/index/a152.json", "featureCount": 50}, {"url": "./data/index/a153.json", "featureCount": 50}, {"url": "./data/index/a154.json", "featureCount": 50}, {"url": "./data/index/a155.json", "featureCount": 50}, {"url": "./data/index/a156.json", "featureCount": 50}, {"url": "./data/index/a157.json", "featureCount": 50}, {"url": "./data/index/a158.json", "featureCount": 50}, {"url": "./data/index/a159.json", "featureCount": 50}, {"url": "./data/index/a160.json", "featureCount": 50}, {"url": "./data/index/a161.json", "featureCount": 50}, {"url": "./data/index/a162.json", "featureCount": 50}, {"url": "./data/index/a163.json", "featureCount": 50}, {"url": "./data/index/a164.json", "featureCount": 50}, {"url": "./data/index/a165.json", "featureCount": 50}, {"url": "./data/index/a166.json", "featureCount": 50}, {"url": "./data/index/a167.json", "featureCount": 50}, {"url": "./data/index/a168.json", "featureCount": 50}, {"url": "./data/index/a169.json", "featureCount": 50}, {"url": "./data/index/a170.json", "featureCount": 50}, {"url": "./data/index/a171.json", "featureCount": 50}, {"url": "./data/index/a172.json", "featureCount": 50}, {"url": "./data/index/a173.json", "featureCount": 50}, {"url": "./data/index/a174.json", "featureCount": 50}, {"url": "./data/index/a175.json", "featureCount": 50}, {"url": "./data/index/a176.json", "featureCount": 50}, {"url": "./data/index/a177.json", "featureCount": 50}, {"url": "./data/index/a178.json", "featureCount": 50}, {"url": "./data/index/a179.json", "featureCount": 50}, {"url": "./data/index/a180.json", "featureCount": 50}, {"url": "./data/index/a181.json", "featureCount": 50}, {"url": "./data/index/a182.json", "featureCount": 50}, {"url": "./data/index/a183.json", "featureCount": 50}, {"url": "./data/index/a184.json", "featureCount": 50}, {"url": "./data/index/a185.json", "featureCount": 50}, {"url": "./data/index/a186.json", "featureCount": 50}, {"url": "./data/index/a187.json", "featureCount": 50}, {"url": "./data/index/a188.json", "featureCount": 50}, {"url": "./data/index/a189.json", "featureCount": 50}, {"url": "./data/index/a190.json", "featureCount": 50}, {"url": "./data/index/a191.json", "featureCount": 50}, {"url": "./data/index/a192.json", "featureCount": 50}, {"url": "./data/index/a193.json", "featureCount": 50}, {"url": "./data/index/a194.json", "featureCount": 50}, {"url": "./data/index/a195.json", "featureCount": 50}, {"url": "./data/index/a196.json", "featureCount": 50}, {"url": "./data/index/a197.json", "featureCount": 50}, {"url": "./data/index/a198.json", "featureCount": 50}, {"url": "./data/index/a199.json", "featureCount": 50}, {"url": "./data/index/a200.json", "featureCount": 50}, {"url": "./data/index/a201.json", "featureCount": 50}, {"url": "./data/index/a202.json", "featureCount": 50}, {"url": "./data/index/a203.json", "featureCount": 50}, {"url": "./data/index/a204.json", "featureCount": 50}, {"url": "./data/index/a205.json", "featureCount": 50}, {"url": "./data/index/a206.json", "featureCount": 50}, {"url": "./data/index/a207.json", "featureCount": 50}, {"url": "./data/index/a208.json", "featureCount": 50}, {"url": "./data/index/a209.json", "featureCount": 50}, {"url": "./data/index/a210.json", "featureCount": 50}, {"url": "./data/index/a211.json", "featureCount": 50}, {"url": "./data/index/a212.json", "featureCount": 50}, {"url": "./data/index/a213.json", "featureCount": 50}, {"url": "./data/index/a214.json", "featureCount": 50}, {"url": "./data/index/a215.json", "featureCount": 50}, {"url": "./data/index/a216.json", "featureCount": 50}, {"url": "./data/index/a217.json", "featureCount": 50}, {"url": "./data/index/a218.json", "featureCount": 50}, {"url": "./data/index/a219.json", "featureCount": 50}, {"url": "./data/index/a220.json", "featureCount": 50}, {"url": "./data/index/a221.json", "featureCount": 50}, {"url": "./data/index/a222.json", "featureCount": 50}, {"url": "./data/index/a223.json", "featureCount": 50}, {"url": "./data/index/a224.json", "featureCount": 50}, {"url": "./data/index/a225.json", "featureCount": 50}, {"url": "./data/index/a226.json", "featureCount": 50}, {"url": "./data/index/a227.json", "featureCount": 50}, {"url": "./data/index/a228.json", "featureCount": 50}, {"url": "./data/index/a229.json", "featureCount": 50}, {"url": "./data/index/a230.json", "featureCount": 50}, {"url": "./data/index/a231.json", "featureCount": 50}, {"url": "./data/index/a232.json", "featureCount": 50}, {"url": "./data/index/a233.json", "featureCount": 50}, {"url": "./data/index/a234.json", "featureCount": 50}, {"url": "./data/index/a235.json", "featureCount": 50}, {"url": "./data/index/a236.json", "featureCount": 50}, {"url": "./data/index/a237.json", "featureCount": 50}, {"url": "./data/index/a238.json", "featureCount": 50}, {"url": "./data/index/a239.json", "featureCount": 50}, {"url": "./data/index/a240.json", "featureCount": 50}, {"url": "./data/index/a241.json", "featureCount": 50}, {"url": "./data/index/a242.json", "featureCount": 50}, {"url": "./data/index/a243.json", "featureCount": 50}, {"url": "./data/index/a244.json", "featureCount": 50}, {"url": "./data/index/a245.json", "featureCount": 50}, {"url": "./data/index/a246.json", "featureCount": 50}, {"url": "./data/index/a247.json", "featureCount": 50}, {"url": "./data/index/a248.json", "featureCount": 50}, {"url": "./data/index/a249.json", "featureCount": 50}, {"url": "./data/index/a250.json", "featureCount": 50}, {"url": "./data/index/a251.json", "featureCount": 50}, {"url": "./data/index/a252.json", "featureCount": 50}, {"url": "./data/index/a253.json", "featureCount": 50}, {"url": "./data/index/a254.json", "featureCount": 50}, {"url": "./data/index/a255.json", "featureCount": 50}, {"url": "./data/index/a256.json", "featureCount": 50}, {"url": "./data/index/a257.json", "featureCount": 50}, {"url": "./data/index/a258.json", "featureCount": 50}, {"url": "./data/index/a259.json", "featureCount": 50}, {"url": "./data/index/a260.json", "featureCount": 49}]}}, {"type": "layer", "id": 4, "properties": {"name": "Relef", "clickable": true, "visible": true, "type": "dem", "clipped": false, "mtlNames": ["map (canvas)"], "mtlIdx": 0}, "data": [{"type": "block", "layer": 4, "block": 0, "materials": [{"type": 0, "image": {"url": "./data/index/b0.png"}, "ds": 1, "mtlIndex": 0, "useNow": true}]}, {"type": "block", "layer": 4, "block": 0, "width": 37359.37797873073, "height": 37359.37797873073, "translate": [0.0, 0.0, 0], "zScale": 1.0, "grid": {"width": 301, "height": 301, "url": "./data/index/b0.bin"}}]}]}